<keymap version="1" name="Visual Studio (Migrated)" parent="Visual Studio">
  <action id="GotoNextBookmark">
    <keyboard-shortcut first-keystroke="ctrl k" second-keystroke="n" />
    <keyboard-shortcut first-keystroke="ctrl k" second-keystroke="ctrl n" />
    <keyboard-shortcut first-keystroke="alt l" />
    <keyboard-shortcut first-keystroke="ctrl alt l" />
  </action>
  <action id="GotoPreviousBookmark">
    <keyboard-shortcut first-keystroke="ctrl k" second-keystroke="p" />
    <keyboard-shortcut first-keystroke="ctrl k" second-keystroke="ctrl p" />
    <keyboard-shortcut first-keystroke="alt j" />
    <keyboard-shortcut first-keystroke="ctrl alt j" />
    <keyboard-shortcut first-keystroke="shift alt j" />
  </action>
  <action id="ToggleBookmark">
    <keyboard-shortcut first-keystroke="ctrl k" second-keystroke="k" />
    <keyboard-shortcut first-keystroke="ctrl k" second-keystroke="ctrl k" />
    <keyboard-shortcut first-keystroke="ctrl alt k" />
    <keyboard-shortcut first-keystroke="alt k" />
  </action>
</keymap>