<keymap version="1" name="VSCode copy" parent="VSCode">
  <action id="$Redo">
    <keyboard-shortcut first-keystroke="ctrl y" />
  </action>
  <action id="Console.TableResult.EditValue">
    <keyboard-shortcut first-keystroke="enter" />
  </action>
  <action id="Editor Redo">
    <keyboard-shortcut first-keystroke="ctrl y" />
  </action>
  <action id="GotoNextBookmarkInEditor">
    <keyboard-shortcut first-keystroke="alt l" />
  </action>
  <action id="GotoPreviousBookmarkInEditor">
    <keyboard-shortcut first-keystroke="alt j" />
  </action>
  <action id="RiderUnitTestRunCurrentSessionTwAction" />
  <action id="ShowIntentionActions">
    <keyboard-shortcut first-keystroke="ctrl period" />
    <keyboard-shortcut first-keystroke="alt enter" />
  </action>
  <action id="ToggleBookmark">
    <keyboard-shortcut first-keystroke="alt k" />
  </action>
</keymap>